stop,pagerank
Krishnarajendra Market,0.12826904786833174
Kempegowda Bus Station,0.10318116175384405
Shivajinagar Bus Station,0.04145464237838806
Kadugodi,0.0078940393368821
Banashankari Bus Station,0.005907539910181208
Kengeri TTMC,0.005561074037251159
Yelahanka,0.005363160606563781
BANASHANKARI TTMC,0.005359823341303347
ITPL,0.005078433621187226
Electronic City Wipro Gate,0.004806160027673609
Central Silk Board,0.004691983717673389
Hosakote Bus Stand,0.00461764110733112
Nelamangala,0.00426664317447034
Hebbala,0.0040395283682863135
Manyatha Embasy Business Park,0.003940589443974438
Vidyaranyapura,0.003725089701456957
Attibele,0.0035679682681360072
Jayanagara 9th Block,0.003477780637772896
KR Puram,0.003228721370435732
Yeshwanthpur TTMC,0.0031189584250904505
Yelahanka Satelite Town 5th Phase,0.003075620278721014
Peenya 2nd stage,0.0030347970327415674
Vidhana Soudha,0.0029798928984107425
Srinagara,0.0027817020620864814
Adithi School,0.002725697036537071
Chandapura,0.0027068487905494206
Bagmane Teck Park,0.0026928771153655324
Koramangala,0.002644454521930822
Jalahalli Cross,0.0026293956043079427
Electronic City,0.0024887541535245643
Hebbala Bridge,0.0024416468391047566
Kamalanagar BEML layout,0.0023535553683608967
Kaval Byrasandra,0.002343808075306129
Vijayanagara TTMC,0.002321529108147419
Bidadi,0.0023003499633013477
Sarjapura Bus Stand,0.0022563311707979494
Vinayakanagara Cross D-43,0.0021921389225999285
JFWTC,0.0021193960508283463
Jeevan Bhimanagara Bus stand,0.00206871757437041
MCTC Bus Stand,0.00204648588310463
Outer Ring Road Company Association,0.0020386529290662755
Jayanagara Bus Stand,0.0020282836324234644
Shanthinagar TTMC,0.0019770780220718033
Uttarahalli,0.0019040187068665706
Bannerghatta National Park,0.0018642374176694911
BEML Layout 5th Stage,0.0018616689565182213
Ramakrishna Hegde Nagara,0.0018483347168500434
HAL Main Gate,0.0018100982104224594
Yeshwanthpura TTMC,0.0018043711498199131
Depot-13-BS,0.0017971458530710363
Nandhini Layout Bus Station,0.0017461000093931369
Hampinagara RPC Layout,0.001742226592105013
Chandra Layout,0.0017231998581320497
Domlur TTMC Bus Stand,0.0016987634507686742
Kempegowda International Airport,0.00169080999171478
Marathahalli Bridge,0.0016684844592195775
Depot 10,0.0016633409508371656
Sulthan Palya,0.0016631899568528205
BTM Layout,0.0016528365431258312
JPNagara 6th Phase,0.0016507766043921534
Maratahalli Bridge,0.0016473050900950531
Devanahalli,0.001630571986455491
BMT14,0.0016223491703599364
Boopa Sandra,0.0015889806900984415
Anekal,0.0015859291601674212
ISRO Layout,0.0015761480026365543
Yeshwanthpura,0.0015504380676625996
Vijayanagara,0.001550023048363101
Depot 30,0.0015406402543388566
Chowdeshwari Bus Stand JP Park,0.0015394304409529576
Infosys,0.001523257778604948
Chennamma kere Achukattu,0.0015120439199153102
K R Puram,0.0014758125616406758
Depot 11,0.0014508051426043139
JP Nagara 3rd Phase,0.0014223117148916406
HAL/LCA,0.001421817547695102
Vidyaniketan School,0.001421703832253945
BTM Layout Bus Stop,0.0014123846292047118
Beguru,0.0013823558383867665
Gottigere,0.0013821771927304642
Tin Factory,0.0013800540336874336
Basaveshwara Nagara,0.001357440340948528
Ganjoor,0.0013466843252493662
Harohalli,0.001345867719166847
Avalahalli BDA Park,0.0013279417543077111
Thindlu,0.001261671181346729
Kengeri Satelite Town,0.0012543104944208936
Anjanapura,0.001249116707135088
Chikkabanavara,0.0012483476559232072
KR Market,0.0012282599977405937
BEML,0.0012251479379426487
Hesaraghatta Village,0.001210073097332114
Depot-25,0.0012029246313470013
Byrasandra,0.0011800756600776913
Chikkallasandra Bus Stand,0.0011776072876098032
Shirke KHB Quarters,0.001167554506810157
Banashankari 3rd Stage 2nd Phase,0.001100916410394481
Malleshwaram 18th Cross,0.0010822408970241873
Byadarahalli,0.0010801898811067922
Oasis School,0.0010768043495569231
Kaggalipura,0.001073008210575819
BAGMANE TECH PARK,0.001043105580155126
Vishwanatha Nagenahalli,0.0010229012064913293
Huskur,0.0010172081121854683
CV Raman Nagara,0.001006721199610027
Yeshwanathapura new railway station,0.001003451580887764
Christel House Learning School,0.0009983331423208434
BTM Layout South,0.000990514095451709
Yeshawanthapura TTMC,0.0009771731259518575
Mahalakshmi Layout,0.0009709037933287596
JFWTC-ITPL,0.0009672292989733759
Bande Maramma Bus Station,0.0009650562471586597
Thigalara Palya,0.0009517779281473462
Kalyananagara Bus Stand,0.0009510036061782291
Vivekanagara,0.0009499563659543714
Chikkabanawara,0.0009478600993996098
Yelenahalli,0.0009475880110659934
White Field TTMC,0.000944192156223241
LCA,0.0009431148241069446
Doddaballapura,0.0009424817087753294
GKW Layout,0.0009339512672221934
St. Clare School,0.0009326585918663329
Hullala Upanagara,0.0009235295701663313
Shankararnag Bus Stop,0.0009226623933505951
Domlur,0.0009133443071075403
Kothnuru Kanakapura Road,0.000912632154284402
Jagajeevanram Nagara,0.0009092962522650718
Laggere,0.000906191180484517
NRColony,0.0009029042329870244
Jambusavari dinne,0.0008997387513058844
KR Puram Railway Station,0.0008979328440035546
Yelahanka Satelite Town,0.0008961075176371424
AMD Private Limited,0.0008913273740736226
ORRCA-ECOSPICE,0.0008833628220388987
Bagaluru,0.0008709396049159433
C V Ramanagra,0.0008671090746466
BMTC Depot-21,0.0008612509793261147
Kurubarahalli,0.0008592668745618402
Doddabasthi,0.0008540778722668493
Kengeri KSRTC Regional Workshop,0.000853470073544236
JP Nagara 6th Phase,0.0008474965681662912
Cristal House School,0.0008431182244336244
Out Door Clothing Company,0.0008383075642700098
Jigani,0.0008327542715321762
Hosakerahalli village,0.0008258835532271841
Kottige Palya Magadi Road,0.0008213195313210674
Neelasandra Rose Garden,0.0008134123717814936
Nagarabhavi BDA Complex,0.0008098251423452027
Saraswathi Nagara Vijayanagara,0.0008079874340889627
Karnataka Housing Complex,0.0008074069898788612
Yeshwanthpura Railway Station,0.000799915131919586
Shanthi Nagara Bus Station,0.000798040771921886
Kodigehalli Yelahanka road,0.0007966009878953551
Mangammana Palya,0.0007941252771444052
Tavare Kere Magadi Road,0.0007923855966609093
Nandini Layout,0.000792159664745838
Ejipura,0.0007886645848253979
Govinda Pura,0.0007872792490302504
JP Nagar 6th Phase,0.0007746823484242154
Devanagundi,0.0007736255859779675
HAL-LCA,0.0007700303103382741
BM English School Bellahalli,0.0007666202071234478
Madanayakanahalli,0.0007664427720596211
Channasandra,0.0007614016572280438
BEL Circle,0.0007578455329759381
Rajarajeshwarinagara Gate,0.0007512382188835158
Chikkanahalli,0.0007476709383233955
City Railway Station,0.0007455369567408081
Jigani APC Circle,0.000743651937049523
Padmanabha Nagara,0.0007388282209475581
Nagadevanahalli Kengeri,0.0007356764583158894
Depot 26,0.0007323292561145323
BMT-23,0.0007320381215090746
Kala Mandir Marathalli,0.0007247859562002783
Annapoorneshwari Nagara,0.0007239686862036751
Vasanthapura,0.0007166226612141324
AGS Layout,0.0007124946951525175
Yelahanaka NES Office,0.0007078237580548133
Kempapura,0.0007077138671847098
Kannamangala,0.0007065155100313484
Peenya Satellite Bus Station,0.000703685459316836
Summanahalli Magadi Road,0.0006975498711510427
DRDO 2ND Phase,0.0006953926468335024
Jeevanahalli,0.0006951863769046599
Yelahanka Old Town,0.0006891099318092502
Kumaraswamy Layout,0.0006886597934437596
Kittanahalli,0.0006871991198259743
Rajanukunte,0.0006838355321791803
Thara Hunise,0.0006837394771608066
Chikka Tirupathi,0.0006745708347226115
Brudavana Nagara Jinke vana,0.0006741508527021353
Jakkur Layout,0.0006733112478325815
Electronic City 2nd Phase,0.000671137010396681
Goragunte Palya,0.0006665844192170217
Neela sandra,0.0006662782568897414
Sindhi High School,0.0006656171336647337
HMT Watch Factory,0.0006654492271455709
Wonderla Amusement Park,0.0006605242415207976
Depot 14,0.0006594851571811665
BOSCH,0.0006552966536093906
Basavanagara,0.0006530456883005592
Rampura,0.0006502297844744929
Cauvery Bhavana,0.0006471184761018913
Puttenahalli Yelhanka,0.0006470981889983112
Arekere MICO Layout,0.0006456958953201474
BCC Layout,0.0006449421083490158
Deepanjalinagara Depot-16,0.0006442441462187433
Gunjoor,0.0006409023353974905
Jaibheemanagara,0.0006369474608962282
Hebbal,0.0006258271373056661
Ganga Nagara,0.0006230683414794937
Jaggath Pharma,0.0006227124538308949
Sophiya High School,0.0006194610821641073
Dodda Kannalli,0.0006172115450895876
KHB Colony,0.0006164210241202584
Mallesh Palya New Bus Stand,0.0006160656660667668
Naduvatti,0.0006160475790844306
HSR Layout 2nd Sector,0.0006157157333633351
MS Palya,0.0006124538971922565
Vijayapura,0.0006119275356517209
Old Bayappanahalli,0.0006100556956313831
Bangarappa Nagara,0.0006077400802178972
Kambipura,0.0006063583546719395
Bagaluru Cross,0.0006039913652009102
Arishinakunte,0.0006033829613595012
Muthyalaya Nagar,0.0005984072889953535
Razak Palya,0.0005956424341456203
Girinagara Extention,0.0005956318642742418
Avalahalli Nandi Garden,0.0005946374698766981
Ambedkar College Circle,0.0005934977654280985
Yelahanka Satellite Town,0.0005931454058222801
KSIT COLLEGE,0.0005891655402346484
Vishwapriya Layout,0.0005884323168812884
Chandra Layout 1st Stage,0.000587673366356177
Handenahalli,0.0005825020046004074
Anekal Bus Stand,0.0005821654334980733
Depot 24,0.0005813953488372093
Ramamurthinagar Police Station,0.0005813953488372093
Kalyana Nagara,0.0005813953488372093
Isolation Hospital,0.0005813953488372093
HAL Main gate,0.0005813953488372093
BHEL Gate,0.0005813953488372093
White Field,0.0005813953488372093
John FW Tech Centre,0.0005813953488372093
Depot-37,0.0005813953488372093
Bangalore University Gate Mysore Road,0.0005813953488372093
Krishna Rao Park,0.0005813953488372093
Krishna Garden BHEL Layout,0.0005813953488372093
Byatarayana Pura,0.0005813953488372093
NAGAVARA JUNCTION,0.0005813953488372093
Frazer Town,0.0005813953488372093
Jagath Pharma,0.0005813953488372093
Depot 3,0.0005813953488372093
Sulibele Hoskote,0.0005813953488372093
Hanumantha Nagara Ward Office,0.0005813953488372093
Khaji Hosahalli,0.0005813953488372093
YPR RMC,0.0005793860064205749
AECS Layout,0.0005788330101379243
BSF,0.000576984638308032
Globale Academy Bangarappa Nagara,0.0005768385640516793
ISRO Quarters,0.00057359521601547
HBR Layout Ist Stage,0.000573325780133512
Nayanappa Shettipalya,0.0005717985860589456
Somasundarapalya,0.0005717985860589456
Upkar Residency Layout,0.0005717985860589456
MATTHAHALLI,0.0005704796723271502
Kada Agrahara,0.0005666125338098594
Kudhurgere Madhanayakanahalli,0.0005632053454647871
Tavare Kere,0.0005632053454647871
Chikkakammanahalli,0.0005628651950617818
Vinayaka Nagara,0.0005620761985646521
Depot 9,0.0005589963279160539
Arekere lakshmi Layout,0.0005576958878108412
Jalahalli Village,0.0005576791428126954
Marappa Garden,0.0005573483998878788
Kammasandra,0.0005553062257059226
Jalavayu Vihara,0.0005510349732681801
IAF,0.0005507047073087688
TATA ELEXI LIMITED,0.0005482986641871887
KM SCHOOL,0.0005466188080310806
Mind Tree,0.0005462793028091622
Devarachikkanahalli,0.000545460026848376
Jayanagara 4th Block,0.0005444584264412628
Basvanagara Bus Station,0.0005438090757131295
Thammenahalli,0.0005359318847212026
Halasur,0.0005355122971673114
HSR BDA COMPLEX,0.0005335146512958971
Dasanapura,0.0005326848269911884
Parangipalya,0.0005323288304004128
Nerige,0.0005316943426804533
Depot-25-BS,0.0005303413537539379
Tata Nagara,0.0005271427781513266
Padmanabha Nagara Rock,0.0005270018719672001
Babusab Palya,0.000525596747906847
Kenchanapura Cross,0.0005246322318361447
Brigade Road,0.0005225763260511586
Bidadi Bus Stand,0.0005224213088235196
Bhuvaneshwari Nagara,0.000520024429894808
MEI Layout,0.0005198532625373168
Nrupatunga Nagar,0.0005189276266673667
Madiwala MARKET,0.0005172023459286375
Geddala Halli,0.0005166978322025608
Sadhashivanagar,0.0005166015174912809
BMTC Depot-17,0.0005152731953353786
Poornapragna Layout,0.0005130689610068462
GKVK,0.000510852439313766
Magadi Road TollGate,0.0005108438751937531
Bettana Palya,0.0005101756063312934
Maratahalli,0.0005022411472978984
BEL FACTORY,0.0005019106816397879
Kanasawadi Madhure Temple,0.0005014723478234286
Bommanahalli,0.0005006662873554974
Ramasandra,0.0004966115111005893
Chowdeshwari Bus Stop,0.0004964843184462493
St John Wood Apartments,0.0004962817212969094
Kakolu,0.0004957126288131243
Indian Express,0.0004896965336059717
Bharathnagar 2nd Stage,0.0004891362632907122
Nallur,0.0004871489301812254
Mantanakurchi,0.00048692352224324843
Hunnigere,0.00048692352224324843
Kodi Chikkanahalli,0.00048692352224324843
Arehalli,0.00048692352224324843
Madiwala,0.00048678464161268007
Kempaiahanapalya,0.0004855942121054789
Muthkur Hesaraghatta,0.00048497998747040543
Depot-33,0.00048452589473686747
Banaswadi,0.00048173746999416217
Haralur,0.00048173746999416217
KRS Gowda Layout,0.00048173746999416217
Gollahalli,0.00048173746999416217
Kadugodi Bapuji circle,0.00048173746999416217
Gundanjaneya Swamy Temple,0.0004809116419413938
DEPOT-25 HSR Layout,0.00047821346027592296
Malleshwaram Bus Station,0.0004779023887529569
Kengeri Police Station,0.0004777501248861495
Agrahara Layout,0.0004765514177450758
Nosenoor,0.00047603680519400435
Varthuru,0.000475293604594012
Nagavara,0.00047210456677195054
YELAHANKA,0.00047189856911798126
Beereshwaralayout,0.0004715308051693928
BMTC Depot-12 Gate Kengeri,0.00047058245451707967
Bandi Reddy Circle,0.00046987720464321454
White Field Post Office,0.0004690685201750518
Thippuru,0.00046903701624387425
DEPOT-28,0.00046770644544741867
Baiyappanahalli Satellite Bus Station,0.00046748418939121354
Cauvery Nagar,0.00046718864441398203
Sai Baba Hospital,0.00046718864441398203
BEL Office,0.00046600608291354185
Nagarabhavi 2nd Phase 11th Block,0.000465110184590162
Karnataka High Court,0.00046501822847367464
JPNagar B K Circle,0.00046362509818407584
HSR BDA Complex,0.00046218283144607193
Nagaresha Nagenahalli Dinne,0.00046200259216489566
Depot-32,0.0004608880807097427
Aluru,0.00046074075173979537
Hennur Cross,0.0004607364303014812
Dayananda Sagar College,0.00045872859045858723
Muthsandra,0.0004584366553438392
Manorayana Palya,0.0004580963699803391
Thambuchetty Palya,0.0004577431851461849
Gun Troops Officer Colony,0.00045742581380844437
BHEL Layout Maramma Temple,0.0004568165399158094
KNarayanapura,0.00045624287315459153
Kumarans School Mallasandra,0.00045575615024177354
Yelahanka Satelite Town 4th Phase,0.00045557821040439106
Munnekolalu,0.00045497403683547285
Jai Bhuvaneshwari Nagara,0.00045374795964834593
Sarjapura,0.0004528209335846016
CPWD Quarters,0.0004528057156818671
Vaderahalli,0.00045254458344471944
Nagarabhavi Maruthinagara,0.0004510369158175706
MEI Colony,0.00045067321491736696
Kodigehalli gate,0.00045053391103900187
Kothnuru Bagalur Road,0.00045053391103900187
Shanthi Layout,0.00045037267451565935
Adarsha Nagara,0.0004498780804808284
Global Village,0.0004498288668407576
Machohalli,0.0004497742481905546
Shampura,0.0004494834669978079
St John Hospital,0.00044873626307092467
K NarayanaPura Cross,0.00044851246954679704
Narasipura,0.00044817039735788554
Kamalanagara BEML Layout,0.00044688761696272535
Jn of Marathalli Bridge,0.00044603781429530484
Bhuvaneshwari Nagara Mahalakshmi Temple,0.000444814568651182
Kasthurinagara,0.00044304009041841897
Kempegowda Swimming Pool,0.00044304009041841897
Amarajyothi Badavane,0.0004416651717497619
Whitefield TTMC,0.00044098923737524503
Nagarabhavi Circle,0.0004390003355144739
Gollarahatti,0.00043839484058916136
Chamundi Nagara,0.00043815524617408336
Koramangala 8th Block,0.000437081662086543
Chikkalasandra Ramanjaneya Layout,0.0004344498217171422
Mathikere,0.00043325047647427273
MTR,0.0004326186062249063
HBR Layout 5th Block,0.0004320830315610164
RBI Layout,0.00043019066669820424
Vidyanikethan Public School,0.0004289732025833196
JP Nagar 7th Phase Brigade Gardenia,0.0004276541375735417
Srinagar,0.0004271395767707273
Vaidehi Hospital,0.00042707718617484116
Kittaganur,0.0004254517444373066
RR Kalyanamantapa Okalipuram,0.00042485526946280724
KADUJAKKASANDRA,0.0004247049044405289
Bannerughatta Circle,0.0004247049044405289
Marenahalli,0.0004247049044405289
RTNagara,0.00042302725461014316
Depot 34,0.00042257203128126617
NITTE Institute of Technology,0.0004221597798322968
Dommasandra,0.0004213721617750268
Mukkodlu,0.0004213721617750268
Bellandur Coffee Day,0.0004210929312118952
Neelasandra,0.0004204172651250277
Arybhata ISRO Head Office,0.0004183275567715138
Hope Form,0.0004182605246475083
Jaraganahalli House Building Co-Op-Society Layout,0.0004174162953257233
BMTC Depot-6,0.0004171736084072035
Karenahalli,0.0004165972840077313
Devashettyhalli,0.0004165972840077313
Cholanayakanahalli,0.0004165972840077313
Ganagaluru,0.0004165972840077313
Magadi,0.0004165972840077313
Mayasandra,0.0004165972840077313
Kengeri Housing Board Quarters,0.0004161708646946569
Yeshwanthapura New Railway Station,0.00041514832597051236
Jai Bharath Nagara,0.0004146715876008091
Rajarajeshwarinagara BEML Layout,0.0004135694853272965
HUNASOORU,0.0004132502257105811
Bommasandra,0.0004121389347362506
Veerabhadranagar,0.00041153911466116505
Depot 22,0.0004105272234174013
Golden Enclave,0.00040859469101673675
BM English School Ulsoor,0.0004060907725355928
St.John`s Wood Apartment,0.00040602615862947553
HDFC BANK,0.0004058935906060179
Chinnaiahna Palya,0.0004056603793960688
Devasandra Chikkamaranahalli,0.00040446988354808373
Guruvanahalli,0.0004036329025774669
Madappanahalli,0.00040237977247084035
Hulimangala,0.0004019264910645722
Sonnenahalli Bridge,0.00039997419743757116
Hoysala Circle Kengeri Satellite Town,0.00039827536698619677
Tippasandra,0.00039750112007115514
Tattanur,0.0003968624061784649
Avarehalli,0.0003968624061784649
Tavarekere Magadi Road,0.0003968624061784649
Anchipura Colony,0.0003968624061784649
Byramangala,0.0003968624061784649
Ravogodlu,0.0003968624061784649
Bangalore University ADM Block,0.0003968624061784649
Madapatna,0.0003968624061784649
Adigondana Halli,0.0003968624061784649
Sulikere,0.0003968624061784649
Ujappana Doddi,0.0003968624061784649
Bettadasanapura,0.0003968624061784649
Thunga Nagara,0.0003968624061784649
Seegehalli,0.0003968624061784649
Giddenahalli,0.0003968624061784649
Sapthagiri College Chikka Banawara,0.0003956918271852608
JC Nagara,0.00039567857016969206
ITI Circle,0.00039558226491761314
JHBCS Cross,0.0003954999183972901
Sambram College MS Palya,0.0003949698504891164
Indian Design Pvt Ltd,0.0003937137712110261
Head Start School,0.0003937137712110261
Depot-13 BS,0.00039229807200864646
Ambedkar Medical College Shampura,0.0003916763539293786
Shettty Halli,0.0003916763539293786
Kattiganahalli,0.0003916763539293786
Dasarahalli,0.0003916763539293786
Kamakya Talkies,0.0003913787738846731
BMTC Depot-03,0.00039119840138982095
Mahadeshwara Nagara 16th Main,0.00039039381129243834
Depot 33,0.0003898281566830469
BTMAXA Software Company,0.0003893523723119749
Malleshwaram 8th Main,0.0003882622448958649
Shikaripalya,0.00038710554708250354
Byala Halli,0.0003868155172065393
Infosys Parking Lot,0.0003859538614981358
Whispering Meawn,0.00038582035457955695
Head Start School Gate,0.00038557532273291134
Begur,0.00038533975690426567
Goravanahalli,0.00038500214082751725
GPO,0.00038468984578813627
Judicial Layout,0.00038421709633335434
BHEL Concrode Layout,0.0003840416105943018
Telecom Layout,0.0003839807122560891
Elita Promenade Aparatment,0.0003830042784034064
Manchanabele,0.0003827429629322147
Nanjapura,0.0003821916132353058
Avalahalli BDA Layout,0.000381811039481245
Yelahanka 5th Phase,0.00038093240788792846
Gejjagadahalli,0.00038037004582544185
Mallara Banavadi,0.00038037004582544185
Mylanahalli,0.00038037004582544185
Banasawadi Fire Statiion,0.0003796290317200934
Nisarga Badavane,0.000378042143101408
CAP GEMINI,0.00037787364386507674
Sunkadakatte,0.00037741993390408995
Banashankari 3rd Stage 3rd Phase,0.0003771275283491985
Dyavasandra,0.0003771275283491985
Totagere,0.0003771275283491985
Hulimavu,0.0003771275283491985
Lotte Gollahalli,0.0003771275283491985
Alada Mara Ramamurthy Nagar,0.0003771275283491985
CK Palya,0.0003771275283491985
Koyira Devana Halli Road,0.0003766277561577611
Gonipura,0.00037642637785890954
Sarakki Signal B S,0.00037461184754655633
JC Nagara Police Station,0.00037384368382997995
Manyatha Tech Park,0.00037305684929244895
Pillanna Garden,0.0003723064545464922
Veerannapalya,0.0003719414761001121
NAGAGONDANAHALLI,0.0003719414761001121
Kumaraswamy Layout 2nd Stage,0.0003719414761001121
Marasandra Bagalur,0.0003719414761001121
Shanthinikethana Layout,0.0003719414761001121
Ganakkal,0.0003719414761001121
H Tippunagar,0.0003719414761001121
Kenchanapura,0.0003719414761001121
Budigere,0.0003719414761001121
Kallukunte Agrahara,0.0003719414761001121
Dodda Gubbi,0.0003719414761001121
Anagalipura,0.0003719414761001121
Vidhanasoudha Layout,0.0003719414761001121
Vigneshwara Nagara,0.0003719414761001121
Muthkuru,0.0003719414761001121
Ramachandrpura,0.0003719414761001121
Vaddarahalli BMTC Training Centre,0.0003719414761001121
Kudlu,0.0003719414761001121
Kadirenahalli Park,0.0003719414761001121
Atturu,0.0003719414761001121
Doddanekkundi,0.0003719414761001121
Srinivagilu,0.0003719414761001121
JP Nagara 1st Phase,0.0003719414761001121
Lal Bahadur Shastri Nagara,0.0003719414761001121
Manganahalli,0.0003718885741363469
Minaz Nagara,0.0003716674869514029
Sophiya School,0.0003710907708058776
Sri Ayyapa Educational Center,0.000369329704545223
Kadirenahalli Village,0.0003685097804744942
Bellikere,0.00036804422523576644
Hoskote,0.0003680353873427788
Boganahalli,0.0003669428455745855
BChannasandra,0.00036675542385102586
Ayyappa Nagara,0.00036675542385102586
Mahadeshwara Layout,0.0003664140339900711
Meenakshi Layout,0.0003662408112999544
Gangenahalli,0.0003658974543513673
Marasandra,0.00036549761069996206
BNagasandra,0.00036549761069996206
Papareddy Palya Bus Stand,0.00036533395301348076
Rajarajeshwari Temple,0.00036500875076258697
Agara,0.0003633482355059536
Rajkumar Samadhi,0.0003621997651089148
Parappana Agrahara,0.0003620761616519786
Naduvatti Colony,0.00036175679332549923
Halasuru Laxmipura Road,0.0003606120988525834
Shirke Bus Stand,0.0003606120988525834
Nagarabhavi Sports Club,0.0003606120988525834
Venkatagirikote,0.00035885807696985235
Mallathahalli,0.0003581876796807026
HP Software Mahadevapura,0.0003579656532813443
D Group Employees Layout,0.0003573926505199321
8th Mile,0.0003572373020908719
Haniyur,0.0003570337504053472
Hoovinayakanahalli,0.0003570337504053472
Tattaguppe,0.00035689010940289235
Thotada Guddadahalli,0.00035584662027545247
Pottery Town,0.0003528340025446238
St John High School,0.0003523699898089201
Janapriya Town Ship,0.0003522065982708458
Yarappanahalli,0.0003522065982708458
Doddabidarakallu,0.0003522065982708458
Geleyara Balaga AGB Layout,0.0003522065982708458
Neo Town,0.0003521682905236695
Rajarajeshwarinagar Swargarani School,0.0003497370932244963
Summanahalli,0.0003472846517952595
Ardendale Gate Kannamangala,0.0003472154876873908
Timber Yard Layout,0.00034702054602175946
Depot 6,0.00034503111177018933
Bande Kodigehalli,0.0003445322553813644
Rajaji Nagara Entrance,0.000343951965754296
Dr Ambedkar Institute Of Technology,0.0003431047510182025
Depot 40,0.000342832571497093
Syndicate bank Colony Andrahalli,0.00034267665930011297
KR Circle,0.00034251954850410726
Patelappa Layout,0.0003420870469424812
Nagashettyhalli,0.0003420466795792818
Chikkabettahalli,0.0003418344937726732
K R Road,0.0003409128643244902
Abbigere Village,0.0003403463329198982
BMTC Depot-13,0.0003392113885821073
Navarang Talkies,0.00033798115949179987
Kodegehalli Sigehalli Bus Stand,0.000337773354242004
Wipro gate,0.00033559899746466023
Shivanapura,0.00033488301904506274
Koramangala TTMC,0.00033487867008619783
Bilejaji B.S.,0.0003344434929768407
Isro Layout,0.000334229211020742
Janapriya Greenwood Apartments,0.0003332318854872301
Vidyapeeta Circle,0.0003331193795681034
NARASAPURA,0.00033227478891252973
Thoredoddi,0.00033227478891252973
Jigani APC Cricle,0.00033130319615278403
Jn of Hosur Road,0.00032990721895607007
Ramakrishna Ashrama,0.00032869951609521843
MIND TREE,0.0003284998433123295
Hope Farm,0.00032718919606751246
Lokesh Tent Circle,0.00032621433924542224
M+ACER,0.0003260546209273407
DEPOT 34,0.0003234549802982633
Kalyani Magnum JP Nagara,0.0003219713010402708
Sheshagiri Halli Mysore Road,0.0003216261808974087
Girinagara 2ND Stage,0.00032151795474044827
Deo Hights Layout Arch,0.0003213944203375276
Dinnur Puspanjali Talkies,0.0003186625308437424
Samanduru,0.00031830897626785643
Govt First Grade College Bidadi,0.00031830897626785643
Jayadeva Hospital,0.00031810897463863016
Talaghattapura Police Station,0.00031646031412298486
Mayohall,0.0003163377572509592
Sidihosakote,0.00031623035471028754
Yeshwanthpura Market,0.00031623035471028754
Patalamma Temple Uthrahalli,0.00031400037026624176
Kailasipalyam,0.000313135221876012
Doddakannalli,0.0003123583470485323
Allalasandra Gate Yalahanka,0.0003083533329174866
Yellu Kunte,0.00030817028311719643
Mallasandra Bagalagunte,0.00030817028311719643
Valley School,0.00030803342259865885
Kaval Byrasandra Bus Stand,0.00030761630420343136
Geleyara Balaga Bus Stand,0.0003072250577629703
Anugondanahalli,0.00030680129011368133
Veerasandra,0.00030680129011368133
Rajeev Gandhi Nagara,0.00030680129011368133
Bikkanahosahalli,0.00030680129011368133
Pillahalli,0.00030680129011368133
Honnasandra,0.00030680129011368133
Muninagara,0.00030680129011368133
DASARAHALLI,0.00030680129011368133
Bannigiri,0.00030680129011368133
Jnana Jyothi Nagara 2nd Phase,0.00030680129011368133
Gunjur Palya,0.00030680129011368133
Gaviyana Palya,0.00030680129011368133
Sugganahalli,0.00030680129011368133
Naganayakanahalli,0.00030680129011368133
Budamanahalli,0.00030680129011368133
Byatha,0.00030680129011368133
Annekarana Halli,0.00030680129011368133
Koratageredoddi Bannerghatta,0.00030680129011368133
Anandanagar,0.00030680129011368133
Chikkabanawara Railway Gate,0.00030680129011368133
Baleveerana Halli,0.00030680129011368133
Hosahalli,0.00030680129011368133
Haragadde,0.00030680129011368133
Gottigehalli,0.00030680129011368133
Kodathi,0.00030680129011368133
Huluvenahalli,0.00030680129011368133
Chikka Banahalli,0.00030680129011368133
Chokkanahalli,0.00030680129011368133
Kaggalahalli,0.00030680129011368133
Bettahalli,0.00030680129011368133
Parasanapalya,0.00030680129011368133
Ramohalli,0.00030680129011368133
Srirampura,0.0003057007208432043
Ambedkar College,0.0003033621022275984
Aero Space HAL,0.0003026774772774229
Bangalore Club Gate,0.00030250120947238133
Walker Land Long Fora Road,0.00030250120947238133
National Games Village Frint Gate,0.00030250120947238133
Kumbalgodu,0.0002983740968093638
Janapriya Apartments,0.00029792834802346143
Subramanyanagara,0.000297636380594867
Atturu Layout Yelahanka Road,0.000297219843804043
Bommawara,0.0002944816952329901
KHB Colony Basaveshwaranagara,0.0002938728942421492
Mathahalli,0.00029385085275170195
Chokkasandra,0.0002925837785767904
Narayankere,0.0002925837785767904
Vidyaranyapura 6th Block,0.00029222374792436863
Heritage Apartment,0.00029222374792436863
Kannuru,0.00029203572552544545
CMH Road,0.00029192210548227267
Summanahalli Depot-31,0.0002915329091441802
Sidedahalli,0.00029080894708160524
Andrahalli,0.0002894008509133362
Canara Bank Cunningham Road,0.0002893635925409182
Meesaganahalli,0.00028849302857858635
Maruthi Nagara Kannur Road,0.00028849302857858635
HP Petrol Bunk Coles Road,0.00028773564488414544
Sadasdashiva Nagar Indian Bank,0.00028773564488414544
Mind Tree Global Villiage,0.0002871415122900142
Kuguru,0.00028706641228441493
Madhugirihalli,0.00028706641228441493
Singahalli,0.00028706641228441493
Kallur,0.00028706641228441493
Haro Kyatanahalli,0.00028706641228441493
V Kallahalli Sarjapura Road,0.00028706641228441493
Chandranagara,0.00028706641228441493
Somanahalli,0.00028706641228441493
SRIRAMPURA,0.00028706641228441493
Shettihalli,0.00028706641228441493
Dattatraya Nagara Temple,0.00028706641228441493
Iskcon Temple,0.00028706641228441493
Bisanahalli,0.00028706641228441493
Hennagara,0.00028706641228441493
Channa Nayakanapalya,0.00028706641228441493
Beemanakuppe,0.00028706641228441493
Mutturayanaswamy Doddi,0.00028706641228441493
Dodderi Grama,0.00028706641228441493
Bilwarada Halli,0.00028706641228441493
Maduranagar,0.00028706641228441493
Kaji Hosahalli,0.00028706641228441493
Karnataka Slum Development Board,0.00028706641228441493
Vaghata,0.00028706641228441493
Bagalagunte Village,0.00028706641228441493
Lingadeeranahalli,0.00028706641228441493
Laxmidevi Nagar,0.00028706641228441493
Gangondanahalli,0.00028706641228441493
Kachohalli,0.00028706641228441493
Thippagondanahalli Quarters,0.00028706641228441493
Dodda Kuntanahalli,0.00028706641228441493
Nayandahalli Railway Gate,0.00028706641228441493
Allalasandra,0.00028706641228441493
Kariyana Palya,0.00028706641228441493
Amruth Nagara,0.00028706641228441493
Narayana Ghatta,0.00028706641228441493
Kommagatta,0.00028706641228441493
Bittasandra,0.00028706641228441493
Hosa Palya,0.00028706641228441493
Yale Kodigehalli,0.00028706641228441493
Vaderamanchanahalli,0.00028706641228441493
Hampapura,0.00028706641228441493
Thimmappana Palya,0.00028706641228441493
Thippenahalli,0.00028706641228441493
Gonighattapura,0.00028706641228441493
Kuduragere Betta Halasuru,0.00028706641228441493
Panchsheela Nagara,0.00028706641228441493
Esuvanahalli,0.00028706641228441493
Bellandru,0.00028706641228441493
Chimani Hills,0.00028706641228441493
Somashettihalli,0.00028706641228441493
Kalkere,0.00028706641228441493
Gowdahalli,0.00028706641228441493
Sheshadri Nagara,0.00028706641228441493
Huskur Village,0.00028706641228441493
Thirumalapura,0.00028706641228441493
Avaragere,0.00028706641228441493
Thammanayakanahalli,0.00028706641228441493
Tindlu,0.00028706641228441493
Devagere,0.00028706641228441493
Kengeri Bandemata Badavane,0.00028706641228441493
Doddabele,0.00028706641228441493
Bommashetta Halli,0.00028706641228441493
Vajrakatte Palya,0.00028706641228441493
Basaveshwara Nagara 3rd Stage,0.00028706641228441493
Poojena agrahara,0.00028706641228441493
Chikkabegur,0.00028706641228441493
Thyamagondlu,0.00028706641228441493
Chimmasandra,0.00028706641228441493
DODDANAGAMANGALA,0.00028706641228441493
Byappana Halli Satallite Bus Station,0.00028706641228441493
Subhash Nagara,0.00028706641228441493
Kadabagere,0.00028706641228441493
Karubele,0.00028706641228441493
Bettenahalli,0.00028706641228441493
Ravindra Nagara,0.00028706641228441493
Bileshivale,0.00028706641228441493
Jakkur,0.00028706641228441493
Nettigere,0.00028706641228441493
Government Soap Factory,0.00028706641228441493
Horamabu petrol bunk,0.00028706641228441493
Yelachaguppe,0.00028706641228441493
Makanahalli,0.00028706641228441493
Sompura,0.00028706641228441493
Thirupalya,0.00028706641228441493
Medarahalli Railway Gate,0.00028706641228441493
Vaddarapalya,0.00028706641228441493
DODDA THOGOOR,0.00028706641228441493
Huskur Gate,0.0002867373613097675
Girigowdana Doddi,0.0002857371021466454
TAYAPPANA DODDI,0.0002857371021466454
Magadi Road 2nd Cross,0.00028407535261565863
Bidaluru,0.00028356252549330464
Sampigehalli,0.00028342245836133497
Casappa Cola Residency Road,0.00028276633164311493
Richmond Road Tower,0.00028276633164311493
Devarabisanahalli,0.0002818803600353286
Hesaraghatta Indo Danish Farm,0.0002818803600353286
Karim Sab Layout,0.0002818803600353286
Yarappana Bande,0.0002818803600353286
Ashwath Nagara,0.0002818803600353286
Rachenahalli,0.0002818803600353286
Thanisandra,0.0002818803600353286
RAILWAY GATE SHAMPURA,0.0002818803600353286
Horamavu Agara,0.0002818803600353286
Maragondanahalli,0.0002818803600353286
Vibhuthipura Samudaya Bhavana,0.0002818803600353286
Koothaganahalli,0.0002818803600353286
CGHS Nagavar Palya,0.0002818803600353286
Chalekere,0.0002818803600353286
Koturu,0.0002818803600353286
A Narayanapura,0.0002818803600353286
Venkateshwara Nagara,0.0002818803600353286
Mailanahalli Bagalur,0.0002818803600353286
Girinagara Circle,0.0002816614421517024
Depot 23,0.0002815605373873455
Vinayaka Nagara Telecome Layout,0.0002815448338789986
Mother Dairy,0.0002807359609769835
Bramha Devara Gudda,0.0002788117797678651
Leggere,0.0002785924397859191
Chitrapura Mutt Malleshwaram,0.0002785383117026501
Jayadeva Signal,0.000276527164256125
Silk Board Attibele Road,0.0002763989774386365
Uraganadoddi Bannerughatta Area,0.0002763529179252875
DRDO TOWNSHIP BUS STAND,0.000276221170252896
BMS College Campus,0.0002755072540187316
Cluny Convent High School,0.0002755072540187316
St Vincent School,0.0002742484802688976
Gullahatti Kaval,0.00027328711944117005
Jambu Savari Dinne,0.0002731808363957511
Basavanagara Bus Stand,0.00027313192381025445
Thurahalli,0.00027313192381025445
Depot 12,0.0002729877233293142
Gulaganjanahalli,0.0002729877233293142
Valepura,0.000272848900747524
NGEF,0.00027279529987048927
Shanthipura,0.00027239561934125584
Kambalipura,0.00027239561934125584
Government Sub-Urban Press,0.00027239561934125584
Neeladri Nagara,0.0002723231700649722
Purushanahalli,0.00027057405193139185
Adakimaranahalli,0.00027057405193139185
Tore Hosahalli,0.00027057405193139185
Aluru Palya,0.00027057405193139185
Nayandahalli Junction,0.0002696026013005566
HSRKEB,0.0002694748654554452
Karekall kunigal Road,0.00026930025714629047
Dinnura,0.0002692141126765961
Avalahalli New BDA Layout,0.00026883589487900606
Lakshmipura MS Palya,0.00026875815074931995
Pillahalli colony,0.00026875815074931995
HMT Auditorium,0.00026788877151787973
Depot 8,0.0002675875024353325
BGS Hospital,0.00026733153445514853
Gubbalala,0.00026733153445514853
Hongasandra mico layout,0.00026733153445514853
Rajani Farm,0.00026733153445514853
Shivarama karanth layout 10th Cross,0.00026733153445514853
Jodi Ragi Thimmasandra,0.00026733153445514853
Mandooru,0.00026733153445514853
Satya Sai Hospital,0.00026733153445514853
Jigani Bus Stand,0.00026733153445514853
Eshwara Layout,0.00026733153445514853
Kumbalagodu,0.000267200675938971
Bidadi Main Bus Stand,0.000267200675938971
Jn of Ring Road Channasandra,0.000267200675938971
Singanayakanahalli,0.0002661161334528366
Tata Elxsi BrigadeTeck Park,0.00026437878649938993
Esteem Mall,0.0002634785392106562
Coffee Board Layout,0.00026342531227059195
Muneshwara Block,0.0002621454822060622
GANDHIPURA,0.0002621454822060622
Kendriya Vihara Yelahanka,0.0002621454822060622
Central Jail,0.0002621454822060622
Indira Nursing Home Tyagarajanagar,0.0002621454822060622
Mini TajMahal,0.0002621454822060622
Bandenallasandra,0.0002621454822060622
Dasanayakanahalli,0.0002621454822060622
Mohan Kumar Nagara,0.0002621454822060622
Bapuji Layout,0.0002621454822060622
Sadaramangala,0.0002621454822060622
Jyothi Nagara,0.0002621454822060622
Sigehalli,0.0002621454822060622
Lourdhubhai Kalyana mantapa,0.0002621454822060622
Umara Bhagh Layout,0.0002621454822060622
Eliyas Nagar,0.0002621454822060622
Papareddy Palya,0.0002621454822060622
Krishnappa Layout,0.0002621454822060622
Virabhadranagara Cross,0.0002621454822060622
Vivekanada Nagara,0.0002621454822060622
Vijaya Bank Layout,0.0002621454822060622
Singapura,0.0002621454822060622
Muneshwara nagara Kerekodi,0.0002621454822060622
BDS Nagara,0.0002621454822060622
Lingarajapuram KHB Colony,0.0002621454822060622
Medi Mallasandra,0.0002621454822060622
Laggere Arch,0.0002621454822060622
Vishweshwaraiah Enclave,0.0002621454822060622
Madeshwara Nagara,0.0002621454822060622
Kamalanagar Bus Stop,0.0002621454822060622
Kumaraswamy Layout West,0.0002621454822060622
DAYANANDA SAGAR COLLEGE,0.0002615264908351507
BOSCH- Bommamahalli,0.0002613852428425361
Sri Vidyanagara,0.0002603029791257256
Agara Junction,0.00025999128560198385
New Devanahalli,0.00025987635107356977
T John College Campus,0.0002591789978544718
Bhavani Nagara 2nd Stage,0.0002590769019385987
MATHA AMRUTHAMAYI COLLEGE,0.00025823926002150563
BHEL Layout,0.0002572846454832229
Designers Suits,0.00025715265040813584
Kuvempunagar,0.00025711423314168404
ITC,0.0002570346901157551
Sahakar Nagar Police Out Post,0.000257001672437272
JP Nagara 15th Cross,0.0002569594299569759
Kammana Halli,0.0002569594299569759
Kolipura Uttanahalli,0.0002569594299569759
Chikkajala,0.0002569594299569759
Immadihalli,0.0002569594299569759
Rajaji Nagara Ramamandira,0.0002569594299569759
Ganganagara,0.00025665204570018095
Thalaghattapura Bus Stop,0.0002566180400960211
KAVERI NAGARA,0.00025652980677497893
GKVK Library,0.0002564157669355543
Nagarabhavi 1st Stage 3rd Block,0.00025578657019827085
Kuvempu Nagara 2nd Stage,0.0002554712691042009
Kumaraswamy Layout Police Station,0.00025522377724676733
Srinivasapura,0.000255212756868537
Sharada Nagara,0.00025510319048080746
India Garrage Lower Agrram Road,0.00025497937425219587
Chikka Thirupathi,0.00025476909581559825
Rajaji Nagar 1st Block,0.00025469718372799676
Bharath House building Co-operative Society layout,0.0002544711393165809
Raghavendra Colony TR Mill,0.0002544571051292028
Chikkagollarahatti,0.0002542275547162056
Cambridge Layout,0.0002542275547162056
Summanahalli Signal,0.0002540275817455627
Ghanigara Halli,0.00025355224161190365
Maruthi mandira,0.000253367054885656
Bhima Jyothi Nagara,0.0002531330468483698
Sonnenahalli,0.0002520985932341366
BK Circle,0.0002509831601084548
Richmond Park,0.00025081317146166606
Tambuchettipalya,0.0002501182963511126
Hoodi,0.00024949276034027623
Anantapura Gate,0.00024943325577176143
Contonment Railway Station,0.0002485187989842445
Bapuji Nagara,0.00024839168578665266
UNITEX,0.0002482609078214108
Yelahanka NES,0.00024774723756142256
Kundana Devanahalli,0.0002472377565112973
Jalahalli Cross Ayyappa Temple,0.0002468837801514465
Depot 13,0.00024635459054509975
DEPOT-30,0.0002454999994159601
Maniksha Parade Ground,0.0002454999994159601
Koramangla National Games Village,0.0002453081564708549
Hebbagodi,0.00024396914532134623
Srinivasa Nagara,0.00024396914532134623
CQEAE Complex,0.00024317076942244656
Vyali Kaval Police Station,0.00024317076942244656
StJosephs College,0.00024303800865057388
Wilson Garden police Station,0.0002423552111983683
Wilson Garden Police Station,0.0002423552111983683
Bharatnagara,0.00024220881200096356
INTEL,0.00024209548498331572
Kengeri Satellite Town Corporation Bank,0.00023850087491468383
NP Medical Store,0.00023317290194586201
Warriers Bakery,0.00022632859183088308
Amrutahalli,0.00022253479282190755
MVJ Medical Hospital,0.00022106745864122892
Depot 18,0.00021978450928297874
Kamalanagara Old Bus Stop,0.00021914623090100706
Hunasamarenahalli,0.00021914069077401158
Jnana Bharathi Police Station,0.00021879847970244473
Ragigudda,0.00021805483319705163
Bank Colony,0.00021805483319705163
Jayamahal,0.00021801497750498745
Hennur Depot,0.00021801497750498745
Heelalige Railway Station,0.00021769609655036094
Ramaswamy Palya,0.0002173943290754188
Depot 43,0.00021441204829979914
Kempegowda Nagara Police Station,0.0002124933115150829
Horamavu Maruthi Vidyala Campus,0.0002124933115150829
Depot-18,0.00021213613980744473
Ashoka Pillar,0.0002096926064706586
Sathyanagara Indian Oil,0.00020852198146344549
Bennigana Halli,0.00020852198146344549
Banasawadi Horamvu,0.00020852198146344549
Sangam Circle,0.00020831298074458021
Hesaraghatta,0.00020758597818783058
Orian Mall Yeshwanthpura,0.00020758597818783058
Kenchenahalli Yelahanka,0.00020684498688155404
Jalahalli Quarters,0.0002062537900156899
Halasuru,0.00020567567399026616
BTM Bus Stand,0.0002048017130229276
Avathi,0.0002044205791682065
St Michael's High School,0.00020408700716833815
Huskur gate,0.0002037048005744068
BM English School,0.00020106368264320067
Chunchanakuppe,0.00020052250247840992
Mother Dairy Cross,0.00020021543522808969
ITI Bhavan,0.00019853270863408285
Electronics City,0.00019811960521413962
Sanjay Nagara,0.00019735338374431263
Goodwill Womens College,0.00019719331861855452
Accenture,0.00019710849006032856
ITI Circle KRPuram,0.0001970769332257167
Dunnasandra Cross,0.00019700529621963136
Ramadevanahalli,0.00019700529621963136
K Chansandra,0.00019700529621963136
Vaghata Near Hoskote,0.00019700529621963136
Kallahalli,0.00019700529621963136
Kolathur,0.00019700529621963136
Ashraya Badavane,0.00019700529621963136
Shivanahalli,0.00019700529621963136
Indlawadi,0.00019700529621963136
Gnanashakti Nagar,0.00019700529621963136
Baguru,0.00019700529621963136
Immdahalli,0.00019700529621963136
institute of Social Economic College,0.00019700529621963136
AECS,0.00019700529621963136
JJN THIMMAREDDY LAYOUT,0.00019700529621963136
Chinthala Madiwala,0.00019700529621963136
Chikka Thimmasandra,0.00019700529621963136
Jyothipura,0.00019700529621963136
Dyavarahalli,0.00019700529621963136
Aradeshanahalli,0.00019700529621963136
Motaganahalli,0.00019700529621963136
Maruthi Markandayanagara,0.00019700529621963136
Panathuru,0.00019700529621963136
Thoredoddi High School,0.00019700529621963136
Handenahalli Gate,0.00019700529621963136
Khazi Sonnehalli,0.00019700529621963136
Horamavu,0.00019700529621963136
Muthyalanagar,0.00019700529621963136
Handaenahalli,0.00019700529621963136
Somalapura,0.00019700529621963136
Balgere,0.00019700529621963136
Banashankri 2nd Stage,0.00019700529621963136
Banara halli,0.00019700529621963136
KODIHALLI,0.00019700529621963136
Bhaktharahalli,0.00019700529621963136
TChuddadenahalli,0.00019700529621963136
Banashankari BDA Complex,0.00019700529621963136
Laggere Bridge,0.00019700529621963136
Banarahalli,0.00019700529621963136
Kanekallu,0.00019700529621963136
Lingadira Mallasandra,0.00019700529621963136
Jinke Bachahalli,0.00019700529621963136
Ramakrishnapura,0.00019700529621963136
Bandapura Village,0.00019700529621963136
Bannimangala,0.00019700529621963136
Muthugadahalli,0.00019700529621963136
Chikka Tumakur,0.00019700529621963136
Kakkehalli,0.00019700529621963136
Gulganjanahalli,0.00019700529621963136
Billa Kempanahalli,0.00019700529621963136
Kothaganahalli,0.00019700529621963136
Banjara Palya,0.00019700529621963136
HARSNAHALLI,0.00019700529621963136
PURA,0.00019700529621963136
Jn of Marasandra,0.00019700529621963136
Paramanahalli,0.00019700529621963136
Uddandalli,0.00019700529621963136
Katammana Doddi,0.00019700529621963136
Doddamaranahalli,0.00019700529621963136
Byalalu Janatha Colony,0.00019700529621963136
Bommanabande,0.00019700529621963136
Dodda Dasarahalli,0.00019700529621963136
Doddabannahalli,0.00019700529621963136
Veerenahalli,0.00019700529621963136
Annahalli,0.00019700529621963136
Manchegowdana palya,0.00019700529621963136
M Gopahalli,0.00019700529621963136
Punugumaranahalli,0.00019700529621963136
Basammanahalli,0.00019700529621963136
Alammana Palya,0.00019700529621963136
CK Thandya,0.00019700529621963136
Malligondanahalli,0.00019700529621963136
Subbarayappana Palya,0.00019700529621963136
Kurubarapalya,0.00019700529621963136
Channegowdana Doddi,0.00019700529621963136
Vajara Halli,0.00019700529621963136
Talaguppe,0.00019700529621963136
Kenchanaguppe,0.00019700529621963136
Huluvenahalli Gate,0.00019700529621963136
Gadigaiahana Doddi,0.00019700529621963136
Veeregowdana Doddi,0.00019700529621963136
Gottipura,0.00019700529621963136
Chandrappa Circle,0.00019700529621963136
SOLURU,0.00019700529621963136
ITI Layout Mallathahalli,0.00019700529621963136
Upkar Badavane,0.00019700529621963136
Melehalli,0.00019700529621963136
Dabbaguli Manchanabele,0.00019700529621963136
Marasur,0.00019700529621963136
Ramasagara,0.00019700529621963136
Singena Agrahara,0.00019700529621963136
Karikallu,0.00019700529621963136
Madiwala Village Market,0.00019700529621963136
Banasawadi,0.00019700529621963136
Hinnakki,0.00019700529621963136
Rajapura,0.00019700529621963136
Hagalahalli,0.00019700529621963136
Suradenapura Yelahanka Road,0.00019700529621963136
Dibbur,0.00019700529621963136
Kenchanapalya,0.00019700529621963136
Chikka Kuntanahalli,0.00019700529621963136
Thittahalli,0.00019700529621963136
MUKTHINAGA TEMPLE CROSS,0.00019700529621963136
Shanumangala,0.00019700529621963136
Hakki Pikki Colony,0.00019700529621963136
Gurukula School Tharahunise,0.00019700529621963136
Adusonnahatti Cross,0.00019700529621963136
Dandu Palya,0.00019700529621963136
BCMC Layout,0.00019700529621963136
E Muthasandra,0.00019700529621963136
Vabasandra,0.00019700529621963136
Dhananayakanahalli,0.00019700529621963136
Vishweshwaraiah Layout 1st Block,0.00019700529621963136
Chellahalli,0.00019700529621963136
Bettanahalli,0.00019700529621963136
Mallipalya,0.00019700529621963136
Seetha Kempanahalli,0.00019700529621963136
M Sathyawara,0.00019700529621963136
Bhavapura,0.00019700529621963136
Giddappanahalli,0.00019700529621963136
Nagarabhavi Village,0.00019700529621963136
THAVATAHALLI,0.00019700529621963136
Jadagenahalli,0.00019700529621963136
Soladevana Halli,0.00019700529621963136
Kanuvanahalli,0.00019700529621963136
Yelachagere,0.00019700529621963136
Soppahalli,0.00019700529621963136
Chikkahagade Gate,0.00019700529621963136
Chowdeshwari Temple,0.00019700529621963136
Kodalipura,0.00019700529621963136
Bidaraguppa,0.00019700529621963136
Kamblipura,0.00019700529621963136
Ballur,0.00019700529621963136
Suliwara,0.00019700529621963136
Mahadevapura,0.00019700529621963136
Mylanahalli Chikka jala,0.00019700529621963136
Neraluru,0.00019700529621963136
karpoora,0.00019700529621963136
Jakkanahalli,0.00019700529621963136
Karekal Palya,0.00019700529621963136
Lakkondahalli Cross,0.00019700529621963136
Veeranna Palya,0.00019700529621963136
Bella Halli,0.00019700529621963136
Bettahalasuru,0.00019700529621963136
Huttanahalli,0.00019700529621963136
Arjuna Bettahalli,0.00019700529621963136
Dibburu,0.00019700529621963136
BGS Health City,0.00019700529621963136
Rainbow Layout,0.00019700529621963136
Muttugadahalli Linganahalli,0.00019700529621963136
Guni Agrahara,0.00019700529621963136
Mylappanahalli,0.00019700529621963136
Yentaganahalli,0.00019700529621963136
Shamarajapura,0.00019700529621963136
Kanshiram Nagara,0.00019700529621963136
Kondashettihalli Byalakere,0.00019700529621963136
Linganahalli,0.00019700529621963136
Orahalli,0.00019700529621963136
Srinivaspura,0.00019700529621963136
Neraganahalli,0.00019700529621963136
Amarjyothi Nagara,0.00019700529621963136
Arasu Colony,0.00019700529621963136
Bylanjaneya Temple,0.00019700529621963136
Betthanagere,0.00019700529621963136
Marikuppe,0.00019700529621963136
Madavara,0.00019700529621963136
Machanayakanahalli,0.00019700529621963136
Hosahalli Palya,0.00019700529621963136
Varahasandra,0.00019700529621963136
Tharabana Halli Devanahalli Road,0.00019700529621963136
Manchenahalli,0.00019700529621963136
Ravuthanahalli,0.00019700529621963136
KG Lakkenahalli,0.00019700529621963136
Kuduregere,0.00019700529621963136
Kadayarppanhalli,0.00019700529621963136
Bommasandra Indl Area,0.00019700529621963136
Varanasi,0.00019700529621963136
Mukambika Nagar,0.00019700529621963136
Doddipalya,0.00019700529621963136
Gorinabele,0.00019700529621963136
Kadayarappanahalli,0.00019700529621963136
Bannikuppe,0.00019700529621963136
Honachanahalli,0.00019700529621963136
Panathuru Dinne,0.00019700529621963136
Mugabala,0.00019700529621963136
Doddanallala,0.00019700529621963136
Nidaghatta,0.00019700529621963136
SHIVANAPURA,0.00019700529621963136
UMMALU,0.00019700529621963136
Muthurayanagudi Palya,0.00019700529621963136
Shivakote,0.00019700529621963136
BTM 16 th Main Hopcoms,0.00019700529621963136
Mavallipura,0.00019700529621963136
Sadenahalli,0.00019700529621963136
Koluvarayanahalli,0.00019700529621963136
Jalige,0.00019700529621963136
Dodda Tumkur,0.00019700529621963136
Nagadasanahalli,0.00019700529621963136
Shivanapura Colony,0.00019700529621963136
Kamanahalli,0.00019700529621963136
Byrohalli,0.00019700529621963136
Nagaroor,0.00019700529621963136
Gidada Palya,0.00019700529621963136
Kumbarahalli,0.00019700529621963136
Sugatta,0.00019700529621963136
Kasghattapura,0.00019700529621963136
Vijanapura,0.00019700529621963136
Jinke Thimmanahalli,0.00019700529621963136
Gayatri Layout,0.00019700529621963136
Parvathi Nagara,0.00019700529621963136
Kalathammanahalli,0.00019700529621963136
Nrutya Grama,0.00019700529621963136
Ramagondanahalli,0.00019700529621963136
Dubasi Palya,0.00019700529621963136
Vidya Nagara Cross,0.00019700529621963136
DODDANALLURAHALLI,0.00019700529621963136
Guddadahalli Dinne,0.00019700529621963136
Devalingaiah Palya,0.00019700529621963136
Kempa Dyapanahalli,0.00019700529621963136
Kakaramana Halli,0.00019700529621963136
Bethimgere,0.00019700529621963136
Kamarasanahalli,0.00019700529621963136
Kacharakanahalli,0.00019700529621963136
Kurabarahalli,0.00019700529621963136
Muttugada Halli Chikka jala,0.00019700529621963136
Nagasandra,0.00019700529621963136
Thirumenahalli,0.00019700529621963136
Bommenahalli,0.00019700529621963136
Rajagopalanagar Rajni Farms,0.00019700529621963136
Kada Sonappana Halli,0.00019700529621963136
Kasuvinakunte,0.00019700529621963136
Kamnahalli,0.00019700529621963136
Obalapura,0.00019700529621963136
DODDATHAGGALI,0.00019700529621963136
Adigara Kallahalli,0.00019700529621963136
Gudemarenahalli Village,0.00019700529621963136
Dodda Thimmasandra,0.00019700529621963136
Thippasandra,0.00019700529621963136
Bade Katte,0.00019700529621963136
Naganayakana Kote,0.00019700529621963136
Samethanahalli,0.00019700529621963136
Munikondappa Badavane,0.00019700529621963136
Halasahalli,0.00019700529621963136
Lakshman Rao Nagara,0.00019700529621963136
Chikka Dasarahalli,0.00019700529621963136
Pandithana Agrahara,0.00019700529621963136
Areneru,0.00019700529621963136
Chudasandra,0.00019700529621963136
Pillagumba,0.00019700529621963136
Kumbala Halli,0.00019700529621963136
Kannurahalli,0.00019700529621963136
Nelavagilu,0.00019700529621963136
CHIMANDAHALLI,0.00019700529621963136
Bilekalli Village,0.00019700529621963136
Seethanayakanahalli,0.00019700529621963136
Devaganahalli,0.00019700529621963136
Hegganahalli,0.00019700529621963136
Kagalahalli,0.00019700529621963136
Nawkal palya,0.00019700529621963136
Sadanapalya,0.00019700529621963136
Hosa Doddi,0.00019700529621963136
Kodathi Silk Warm,0.00019700529621963136
Nayanahalli,0.00019700529621963136
Lingapura,0.00019700529621963136
Tattekere,0.00019700529621963136
Taralu ESTATE,0.00019700529621963136
Nallakkanadoddi,0.00019700529621963136
Indrasanahalli,0.00019700529621963136
Tulasipura,0.00019700529621963136
Betta Halli Kaval,0.00019700529621963136
Bokipura,0.00019700529621963136
Thokathimmanadoddi,0.00019700529621963136
New Gabadi,0.00019700529621963136
Kempapura Agrahara,0.00019700529621963136
Bhovi Palya,0.00019700529621963136
Gangawara,0.00019700529621963136
Hancharahalli,0.00019700529621963136
Chikkamaskal,0.00019700529621963136
Biskur,0.00019700529621963136
Nagaraholenagara,0.00019700529621963136
Laxmaiah Badavane,0.00019700529621963136
Ajjanahalli,0.00019700529621963136
Kodanandarama Nagara,0.00019700529621963136
Savanadurga,0.00019700529621963136
Helige Halli Colony,0.00019700529621963136
Bommandanahalli,0.00019700529621963136
Sripathi Halli,0.00019700529621963136
Kadajakkanahalli,0.00019700529621963136
Kodihalli Hesarugatta,0.00019700529621963136
Muppadighatta,0.00019700529621963136
Bukkasagara,0.00019700529621963136
Byatarayana Doddi,0.00019700529621963136
Thore Nagasandra,0.00019700529621963136
Railway Gollahalli,0.00019700529621963136
Kallodu,0.00019700529621963136
Krishnadoddi Bannerghatta Road,0.00019700529621963136
Shanubhoganahalli,0.00019700529621963136
Kommasandra,0.00019700529621963136
Karlapura Palya,0.00019700529621963136
Juttanahalli,0.00019700529621963136
Bylakonenahalli,0.00019700529621963136
Sampige,0.00019700529621963136
Lakshmipura,0.00019700529621963136
Jogerahalli,0.00019700529621963136
Gangena Halli,0.00019700529621963136
Aralimarada Palya,0.00019700529621963136
Konasandra Bannerghatta Road,0.00019700529621963136
Bhattaramarenahalli,0.00019700529621963136
Bidalapura,0.00019700529621963136
Somathanahalli,0.00019700529621963136
Kattugollahalli,0.00019700529621963136
Handrahalli,0.00019700529621963136
Mallohalli Palya,0.00019700529621963136
Hadripura,0.00019700529621963136
Muthanallur,0.00019700529621963136
Nagegowdana Palya,0.00019700529621963136
Narayanapura,0.00019700529621963136
Doddamarana Halli,0.00019700529621963136
Sondekoppa,0.00019700529621963136
Honnalagana Doddi,0.00019700529621963136
Kattalepalya,0.00019700529621963136
Chudahalli,0.00019700529621963136
Kempalingana pura,0.00019700529621963136
Baichapura,0.00019700529621963136
OB Choodahalli,0.00019700529621963136
Muthurayapura,0.00019700529621963136
KAMASANDRA,0.00019700529621963136
Hagadoor,0.00019700529621963136
Vinayakanagar,0.00019700529621963136
Vajramuneshwara Temple,0.00019700529621963136
Gunduru Colony,0.00019700529621963136
Gattahalli,0.00019700529621963136
KAGGALIPURA,0.00019700529621963136
Thammarasanahalli,0.00019700529621963136
Bangalore Central Jail,0.00019700529621963136
Muttanallur,0.00019700529621963136
Hongasandra Mico Layout,0.00019700529621963136
Viratanagara Cross,0.00019700529621963136
Mylasandra Cross,0.00019700529621963136
Sollepura,0.00019700529621963136
Thiruranga,0.00019700529621963136
Muttana Halli,0.00019700529621963136
Podu,0.00019700529621963136
Kyalasanahalli,0.00019700529621963136
Art of Living International Center,0.00019700529621963136
Garudachar Palya,0.00019700529621963136
Dodda Thugur Muneshwara Temple,0.00019700529621963136
CHIKKANAGAMANGALA,0.00019700529621963136
Alambadi,0.00019700529621963136
Yattukodi,0.00019700529621963136
Dinnur,0.00019700529621963136
Gudipalya,0.00019700529621963136
Janthagondanahalli,0.00019700529621963136
Kathruguppe,0.00019700529621963136
Vijayanagar,0.00019700529621963136
Uganawadi,0.00019700529621963136
Kodipalya,0.00019700529621963136
Karishma hills,0.00019700529621963136
Gadenahalli,0.00019700529621963136
Chunchaghatta,0.00019700529621963136
Ramanayakanahalli,0.00019700529621963136
Nekkundi Dommasandra,0.00019700529621963136
Kugur Cross,0.00019700529621963136
Kirloskar Badavane,0.00019700529621963136
Kanegowdanahalli,0.00019700529621963136
RT Nagara Police Station,0.0001969981468097867
Garadi Apartments KR Road,0.0001967863783360051
Nandi Cross,0.00019650552402819397
BEL Parking Lot,0.00019650552402819397
Karnataka Judical Academy,0.00019650552402819397
Hebbala Baptists Hospital,0.00019602931249558482
Indian Oil,0.00019602931249558482
Narendra Talkies kadugondanahalli,0.00019602931249558482
8th Mile T Dasarahalli,0.00019568597845025633
Kadabagere gate,0.00019568597845025633
Channabyregowda Circle,0.00019388956859913098
Jagadale Industries Pvt Ltd,0.00019316228862865183
Cap Gemini,0.0001928635934649981
Golden star Hotel,0.00019270521557833133
HAL 6th Main,0.00019270521557833133
Hosmat Hospital,0.00019270521557833133
Depot 15,0.0001919550079850384
Christ college,0.00019076464212832236
Chamarajpet Play Ground,0.00019005599942743725
Nagashetty Halli E Spring Apartment,0.00018989611005871285
Chikkalasandra Bus Stand,0.00018890369136942363
Kengeri Bande Mata,0.00018881370007508427
Madiwala Market,0.0001885081201322448
Kattigenahalli Gate,0.00018750030224004376
MALLIMAKANAPURA,0.00018750030224004376
Bagalagunte,0.00018735221290390775
Adityanagara Jally Machine,0.00018577522222180024
Kodigehalli,0.00018577522222180024
Jalli Machine,0.00018577522222180024
Ittuguru,0.00018430484246934352
Katriguppe Kamkya Talkies,0.00018416525512102473
ITI Gate,0.00018416525512102473
Mekhri Circle,0.00018393260934388193
Ashwatanagara Bhupasandra,0.00018355612056877608
Chamundinagara Sulthanpalya,0.00018353005472699163
Pratyangiri Temple Turahalli,0.00018307080774547087
Byatarayana Doddi Cross,0.00018307080774547087
J Srinivasa Reddy Layout,0.00018307080774547087
Twinkler School,0.00018307080774547087
Military Accounts Office,0.0001828456766486741
Depot-41,0.00018278778468274043
RM Guttahalli,0.00018265195278278413
Holy Mother School,0.0001826317579722063
HAL Police Station,0.0001818682332908532
BTL College,0.00018134622576402928
Arekere Gate,0.00018113496451080613
BMT-43,0.0001805129358666083
Shankar Mutt,0.0001804942755675433
MG Road Metro Station,0.00017964255232608579
Nrupathunga Nagara,0.00017932783708364677
Bagmane Tech Park,0.00017932783708364677
Tumkur Road 8th Mile,0.00017882738046404634
Halage Vaderahalli,0.0001787747788142225
Nimra maszid,0.00017869703468453643
Police Traning Center,0.00017869703468453643
Doddabasti,0.00017869703468453643
Malleshwaram 8th Cross,0.00017869703468453643
Corporation,0.00017823283012632316
Ganganagara HMT Layout,0.00017732133969070664
Jnanakshi Vidyanikathna School,0.00017729893602736146
Indira Priyadarshini Nagara,0.00017727041839036496
Kurubarahalli JC Nagara,0.00017727041839036496
Amba Bhavani Nagara,0.00017727041839036496
ITI Layout,0.00017727041839036496
Sakammana Badavane,0.00017727041839036496
Gidadakonenahalli,0.00017727041839036496
Jaipura,0.00017727041839036496
Nandhi Garden,0.00017727041839036496
Kembhathahalli,0.00017727041839036496
Jai Maruthi Nagara,0.00017727041839036496
Ramanayakana Doddi,0.00017727041839036496
Ravi Badavane,0.00017727041839036496
Lakshmi Temple,0.00017727041839036496
Tanisandra,0.00017727041839036496
Abbaiah Layout,0.00017727041839036496
Bandi Kodigehalli,0.00017727041839036496
G Hosahalli,0.00017727041839036496
Patalappa Layout,0.00017727041839036496
Geleyara Balaga,0.00017727041839036496
Achyutha Nagara,0.00017727041839036496
Nayanappanahalli,0.00017727041839036496
Ashraya Nagara,0.00017727041839036496
Krishnananda Nagara,0.00017727041839036496
Krishnaiahnapalya/S.Nagara,0.00017727041839036496
Srinidhi Layout,0.00017727041839036496
Sowdamini Kalyana Mantapa,0.00017727041839036496
Mestripalya,0.00017727041839036496
Bhodana Hosahalli,0.00017727041839036496
Annapurna Nagara,0.00017727041839036496
Punjab National Bank Layout,0.00017727041839036496
Ramesh nagara,0.00017727041839036496
Sports Authority of India,0.00017727041839036496
Maruthi Nagara,0.00017727041839036496
Mallasandra,0.00017727041839036496
Hunisemarada Palya,0.00017727041839036496
Koramangala Kendriya Sadana,0.00017727041839036496
Ladies Hostel University Campus,0.00017727041839036496
Saiyadribalaga Layout,0.00017727041839036496
Depot-07,0.00017727041839036496
HSR Layout,0.00017727041839036496
Hemapura,0.00017727041839036496
Madalakote,0.00017727041839036496
SHAMPURA,0.00017727041839036496
Bommana Bande,0.00017727041839036496
Dollors Colony JP Nagara,0.00017727041839036496
Indiranagara RTO Office,0.00017727041839036496
Pillaganahalli,0.00017727041839036496
Depot 27,0.00017727041839036496
Lottegollahalli Railway Colony,0.00017727041839036496
Acharya College Chikkabanavara,0.00017727041839036496
Hommadevanahalli,0.00017727041839036496
Sampige Road Metro Station,0.00017727041839036496
Chikkamaranahalli,0.00017727041839036496
DUO Hight Layout,0.00017727041839036496
Basavanapura Gate Bannerghatta Road,0.00017727041839036496
Malenallasandra,0.00017727041839036496
Koppa,0.00017727041839036496
Depot-22-BS,0.00017727041839036496
Byranayakana Halli College,0.00017727041839036496
Karahalli Cross,0.00017727041839036496
Devanahalli Govt Hospital,0.00017727041839036496
Adde Gramme,0.00017727041839036496
Swatantryodhara Nagara,0.00017727041839036496
Banashankari 5th Stage,0.00017727041839036496
Srinivasapura Colony,0.00017727041839036496
BSK 5th stage patalamma Tempel,0.00017727041839036496
Nagarabhavi 9th Block,0.00017727041839036496
Chinnappana Garden,0.00017727041839036496
MICO Layout Checkpost,0.00017727041839036496
Jayanagara 5th Block,0.00017727041839036496
Shanubhogana Halli,0.00017727041839036496
Billamaranahalli,0.00017727041839036496
Nanjarasappa Badavane,0.00017727041839036496
Kashinagara,0.00017727041839036496
Kodagalahatti,0.00017727041839036496
Surya City,0.00017727041839036496
Ittina Neela Apartment,0.00017727041839036496
Maranayakanahalli,0.00017727041839036496
Amruthnagar,0.00017727041839036496
Bangalore Children Hospital,0.00017727041839036496
Brigade Millenium,0.00017727041839036496
Regional Passport Office,0.00017727041839036496
Javaregowda Nagara,0.00017727041839036496
KG Shrinivaspura,0.00017727041839036496
Haridasa Nagara,0.00017727041839036496
Pramod Layout,0.00017727041839036496
Nagenahalli,0.00017727041839036496
Mathikere Chowdeshwari Bus Staion,0.00017727041839036496
Jalahalli East Area 7th camp,0.00017727041839036496
MARSUR,0.00017727041839036496
Lal Bahadur Shastri Nagara Anjanapura,0.00017727041839036496
Rajendranagar,0.00017727041839036496
Thattaguppe,0.00017727041839036496
Yennigere,0.00017727041839036496
City Civil Court,0.00017727041839036496
Rayasandra,0.00017727041839036496
Devendra Nagara,0.00017727041839036496
Sashiveghatta,0.00017727041839036496
Kodigehalli-Doddaballapura,0.00017727041839036496
Guddahatti,0.00017727041839036496
Vidya peeta Circle,0.00017727041839036496
Shakthi Hill Resorts,0.00017727041839036496
Multiplex Marathahalli,0.00017727041839036496
Vidyagiri Layout,0.00017727041839036496
Kodigehalli Canara Bank Colony,0.00017727041839036496
Sahakara Nagar Cauvery School,0.00017727041839036496
Upadyaya Badavane,0.00017727041839036496
Abbanakuppe,0.00017727041839036496
Kalidasa Layout,0.00017727041839036496
Arekere BTS Layout,0.00017727041839036496
HELLELLIGE,0.00017727041839036496
Kempanahalli,0.00017727041839036496
Hosa Road,0.00017727041839036496
BN Bache Gowda Badavane,0.00017727041839036496
Ambedkar Nagara,0.00017727041839036496
Adugodi Police Quarters,0.00017727041839036496
HULLAHALLI,0.00017727041839036496
Adugodi,0.00017727041839036496
Hanchipura,0.00017727041839036496
Nallurahalli,0.00017727041839036496
Dattatreya Temple,0.00017727041839036496
Chinnappanahalli,0.00017727041839036496
Marasandra Circle,0.00017727041839036496
Soundarya Layout,0.00017727041839036496
Jnana bharthi layout,0.00017727041839036496
Thimmasandra,0.00017727041839036496
Veerasagara,0.00017727041839036496
Raghavendra Colony,0.00017727041839036496
MICO Layout,0.00017727041839036496
Raghavendra Badavane,0.00017727041839036496
Mitaganahalli,0.00017727041839036496
Soukhya Hospital,0.00017727041839036496
Pichguntarahalli,0.00017727041839036496
Devalapura,0.00017727041839036496
Koramangala Kendriya Sadan,0.00017727041839036496
Thyagaraja Nagara,0.00017727041839036496
HSR 19th Main 13th Cross,0.00017727041839036496
Tharabana Halli,0.00017727041839036496
Medarahalli Railway Cross,0.00017727041839036496
Kempegowda Garden,0.00017727041839036496
Hosapallya,0.00017727041839036496
Jayanthi Nagar,0.00017727041839036496
Bande Bommasandra,0.00017727041839036496
Suryanagar,0.00017727041839036496
Pattandur Agrahara,0.00017727041839036496
Ambedkar nagara,0.00017727041839036496
HBR Layout BDA Complex,0.00017727041839036496
"Judicial Layout,8th main,TalagattaPura",0.00017727041839036496
Omkaranagara,0.00017727041839036496
Jaraganahalli Cross,0.00017727041839036496
Thimmegowdana Palya,0.00017727041839036496
Tataguni,0.00017727041839036496
NRI Layout,0.00017727041839036496
Innovative Film city,0.00017727041839036496
Thippenahalli Anjaneya Temple,0.00017727041839036496
Anche Palya,0.00017727041839036496
Gopalapura,0.00017727041839036496
Chikka Kukkanahalli,0.00017727041839036496
Gnana Bodini School,0.00017594110825259543
Hullalu,0.00017594110825259543
Banasawadi Petrol Bunk,0.00017572438814588537
Depot-02,0.00017572438814588537
SHANTHI NAGAR BUS STAND,0.00017524004772423354
Kudlu Gate,0.00017524004772423354
Thalaghattapura,0.00017524004772423354
Sarjapura Signal,0.00017400212938039442
Yeliyuru,0.0001737665315992547
GKW Layout Bus Stand,0.00017336419620580837
Kamaraj Road,0.00017336419620580837
Deepanjali nagara BMT-16,0.0001732599465152455
Victoria Hospitial,0.000172890700179763
Govardhan Talkies,0.0001727869236182661
Lingarajapuram,0.00017252841951101365
Depot 4,0.00017248929630613228
Anchepalya Nelamangla Road,0.00017208436614127867
AGS Layout Manganahalli,0.00017208436614127867
Hosahally,0.00017208436614127867
Sheila Kothavala Institute For Deaf,0.00017208436614127867
HBR Layout,0.00017208436614127867
Mariyamma Layout,0.00017208436614127867
Old Gurrappana Palya,0.00017208436614127867
Belathuru,0.00017208436614127867
Hanumantappa Layout,0.00017208436614127867
Vidyasagara Bus Stoop,0.00017208436614127867
Malagala Bus Stand,0.00017208436614127867
Balagere,0.00017208436614127867
Amma Ashrama,0.00017208436614127867
Jagadeesha nagar,0.00017208436614127867
Basavanapura Govt School,0.00017208436614127867
Om Shakthi Temple,0.00017208436614127867
Muddamma Garden,0.00017208436614127867
BALAJINAGARA,0.00017208436614127867
R T NAGARA,0.00017208436614127867
Brundavananagara Jinke Park,0.00017208436614127867
Shiluvepura,0.00017208436614127867
Allalasandra Janapriya Apartmet,0.00017208436614127867
Marenahalli Bande,0.00017208436614127867
Hosakote Govt High School,0.00017208436614127867
Royale Concorde School,0.00017208436614127867
Vidyasagara Bus Stop,0.00017208436614127867
Udayanagara,0.00017208436614127867
KP Agrahara 16th cross,0.00017208436614127867
Gajendra Nagara,0.00017208436614127867
Herohalli,0.00017208436614127867
BALAJI LAYOUT,0.00017208436614127867
Fayazabad,0.00017208436614127867
Coxtown Circle,0.00017208436614127867
Kannalli,0.00017208436614127867
Gandhi Bazaar,0.0001709115063825736
Yamalur,0.00017057646050607249
Thammenahalli Palya,0.000170444260000289
D Hosahalli Cross,0.000170444260000289
Sri Vidyanagara Bus Station,0.00017024186306094206
Sai Arcade Layout,0.00017024186306094206
Yehanka 5th phase,0.00017024186306094206
Brigade Millanium,0.00017024186306094206
Bharath Nagara 1st Phase,0.00017024186306094206
CBI Office,0.00017024186306094206
St Joseph High Scholl,0.00017015387419829292
Gangamma Circle,0.0001699301695372003
Katriguppe,0.0001699301695372003
Electronic City Infosys Software Company,0.0001697698996990484
Halasuru Police Station,0.0001697698996990484
Majestic,0.00016971214936375463
Cauvery Nagara,0.00016958144754254255
Trinity Circle,0.00016958144754254255
Gavigangadeshwara Temple,0.00016954915826686908
MGRoad,0.00016953484382109746
Bilijaji,0.00016953484382109746
Tavarekere,0.00016953484382109746
Show Mall,0.00016901578587381514
Shrinidhi Layout,0.00016901578587381514
Kamakya,0.00016901578587381514
MCTC Satellite Bus Stand,0.0001683212790486714
Jn of Kommaghatta Road,0.0001683212790486714
Sri Mata Amruthanandamayi Mutt,0.0001683212790486714
Rajagopalanagara Police Station,0.0001683212790486714
K Dommasandra,0.000168187115276933
Jn of Swamy Vivekananda Road,0.000168187115276933
Makali,0.00016771916858275045
ABISRO,0.00016764048369358165
Bailanarsapura,0.00016726594247866314
Jangama Kote,0.00016726594247866314
Korati,0.00016726594247866314
Pillekamma Nagara,0.00016722352941843935
Vishwanathapura,0.00016722352941843935
Dodda Cheemanahalli,0.00016722352941843935
Srinivasa Pura,0.00016722352941843935
Agrahara Dasarahalli,0.00016715086706200035
Hampinagara 7th Main,0.00016711049969880102
Madivala Mosque,0.00016711049969880102
Avalahalli,0.000167085735615752
Brigade Gateway/Orian Mall,0.00016705311707690052
Rachamanahalli Attibele Road,0.00016655692403123753
Kempu Dommasandra,0.00016655692403123753
Kanasawadi Mudhure Temple,0.0001663246471309745
SAP ITPL,0.00016598298269203548
Gorgunte Palya,0.00016564050074112857
BASAVESHWARA NAGARA,0.0001655265347685963
Jayamangala,0.00016547428127462315
Laggere Last Stop,0.00016541015303941735
Ayyappa Temple,0.00016515164080375345
Koramangala Kalyana Mantapa,0.00016515164080375345
BTM water Tank,0.00016515164080375345
Koli Farm Gate Bannerghatta Road,0.00016515164080375345
RTO Vishweshwaraiah Layout,0.00016515164080375345
Konappana Agrahara,0.00016514324511004706
Konappana Agarahara,0.00016514324511004706
Garebhavi Palya,0.00016504207441602392
Chamarajpet Edga Mydana,0.00016464494333780656
Basaveshwara Nagara Circle,0.0001642664735227915
Heelalige,0.0001642664735227915
Jalahalli cross,0.0001642664735227915
Sarjapura Wipro,0.0001642664735227915
Prestige Shanthinikethan,0.0001639752897004859
Binnamangala,0.0001639752897004859
DASANAPURA,0.00016384117029343812
Konanakunte New Bank colony Kanakapura Road,0.00016351662197095545
Jn of Tumkur Road,0.00016351662197095545
Bannerghatta Circle,0.0001634911255471201
Mattahalli Cross,0.0001634911255471201
Devasandra,0.0001634911255471201
RMV 2nd Stage,0.0001634911255471201
Guttepalya,0.00016315097514411474
VADDARAPALYA,0.00016315097514411474
Depot-20,0.00016315097514411474
Jayanagara T Block,0.00016315097514411474
Wipro Corporate Office,0.00016315097514411474
Yelahanka Police Station,0.00016307402131524577
Maruthinagara,0.00016221905169314517
Hongansandra,0.00016221905169314517
Shanthinagara KSRTC Qtrs,0.00016107657461080248
